# Домашнее задание к занятию 3. «MySQL»## Задача 1Используя Docker, поднимите инстанс MySQL (версию 8). Данные БД сохраните в volume.**По образу прошлого занятия взял файл docker-compose**```version: "3"services:  mysql:    image: mysql:8    command: --default-authentication-plugin=mysql_native_password    container_name: mysql-container    environment:      MYSQL_DATABASE: user1db      MYSQL_ROOT_PASSWORD: "user1pass"    volumes:      - mysql-data:/var/lib/mysql/      - mysql-config:/etc/mysql/      - ./test_data:/docker-entrypoint-initdb.d/    restart: alwaysvolumes:  mysql-data:  mysql-config:  root@t450s:/home/user1/devops-netology/virt-homeworks/06-db-03-mysql# docker compose up -d[+] Running 4/4 ⠿ Network 06-db-03-mysql_default        Created                                                                                           0.1s ⠿ Volume "06-db-03-mysql_mysql-data"    Created                                                                                           0.0s ⠿ Volume "06-db-03-mysql_mysql-config"  Created                                                                                           0.0s ⠿ Container mysql-container             Started                                                                                           0.6s  ```Изучите [бэкап БД](https://github.com/netology-code/virt-homeworks/tree/virt-11/06-db-03-mysql/test_data) и восстановитесь из него.Перейдите в управляющую консоль `mysql` внутри контейнера.Используя команду `\h`, получите список управляющих команд.Найдите команду для выдачи статуса БД и **приведите в ответе** из её вывода версию сервера БД.```mysql> STATUS;-----------------cut---Server version:         8.1.0 MySQL Community Server - GPL---cut-----------------Или другой вариантmysql> SELECT VERSION();+-----------+| VERSION() |+-----------+| 8.1.0     |+-----------+1 row in set (0.00 sec)```Подключитесь к восстановленной БД и получите список таблиц из этой БД.**Приведите в ответе** количество записей с `price` > 300.В следующих заданиях мы будем продолжать работу с этим контейнером.```root@t450s:/home/user1/devops-netology/virt-homeworks/06-db-03-mysql# docker exec -it mysql-container mysql -u root -puser1passmysql: [Warning] Using a password on the command line interface can be insecure.Welcome to the MySQL monitor.  Commands end with ; or \g.Your MySQL connection id is 8Server version: 8.1.0 MySQL Community Server - GPLCopyright (c) 2000, 2023, Oracle and/or its affiliates.Oracle is a registered trademark of Oracle Corporation and/or itsaffiliates. Other names may be trademarks of their respectiveowners.Type 'help;' or '\h' for help. Type '\c' to clear the current input statement.mysql> USE user1db;Reading table information for completion of table and column namesYou can turn off this feature to get a quicker startup with -ADatabase changedmysql> SHOW TABLES;+-------------------+| Tables_in_user1db |+-------------------+| orders            |+-------------------+1 row in set (0.00 sec)mysql> SELECT COUNT(*) FROM orders WHERE price > 300;+----------+| COUNT(*) |+----------+|        1 |+----------+1 row in set (0.00 sec)```## Задача 2Создайте пользователя test в БД c паролем test-pass, используя:- плагин авторизации mysql_native_password- срок истечения пароля — 180 дней - количество попыток авторизации — 3 - максимальное количество запросов в час — 100- аттрибуты пользователя:    - Фамилия "Pretty"    - Имя "James".Предоставьте привелегии пользователю `test` на операции SELECT базы `test_db`.    Используя таблицу INFORMATION_SCHEMA.USER_ATTRIBUTES, получите данные по пользователю `test` и **приведите в ответе к задаче**.```root@t450s:/home/user1/devops-netology/virt-homeworks/06-db-03-mysql# docker exec -it mysql-container mysql -u root -puser1pass---cut---mysql> CREATE USER 'test'@'localhost'    ->   IDENTIFIED WITH mysql_native_password BY 'test-pass'    ->   WITH MAX_QUERIES_PER_HOUR 100    ->   PASSWORD EXPIRE INTERVAL 180 DAY    ->   FAILED_LOGIN_ATTEMPTS 3    ->   ATTRIBUTE '{"fname": "James", "lname": "Pretty"}';Query OK, 0 rows affected (0.02 sec)mysql> GRANT SELECT ON test_db.* TO 'test'@'localhost';Query OK, 0 rows affected, 1 warning (0.01 sec)```**Ответ**```mysql> SELECT * FROM INFORMATION_SCHEMA.USER_ATTRIBUTES WHERE USER='test';+------+-----------+---------------------------------------+| USER | HOST      | ATTRIBUTE                             |+------+-----------+---------------------------------------+| test | localhost | {"fname": "James", "lname": "Pretty"} |+------+-----------+---------------------------------------+1 row in set (0.00 sec)```## Задача 3Установите профилирование `SET profiling = 1`.Изучите вывод профилирования команд `SHOW PROFILES;`.Исследуйте, какой `engine` используется в таблице БД `test_db` и **приведите в ответе**.Измените `engine` и **приведите время выполнения и запрос на изменения из профайлера в ответе**:- на `MyISAM`,- на `InnoDB`.```root@t450s:/home/user1/devops-netology/virt-homeworks/06-db-03-mysql# docker exec -it mysql-container mysql -u root -puser1pass---cut---mysql> SET profiling = 1;Query OK, 0 rows affected, 1 warning (0.00 sec)mysql>mysql> SHOW PROFILES;Empty set, 1 warning (0.00 sec)```**Используется INNODB**```mysql> SELECT Engine FROM INFORMATION_SCHEMA.TABLES WHERE TABLE_SCHEMA = 'user1db' AND TABLE_NAME = 'orders';+--------+| ENGINE |+--------+| InnoDB |+--------+1 row in set (0.00 sec)```**MyISAM, время 0.00044550**```mysql> ALTER TABLE orders ENGINE = MyISAM;Query OK, 5 rows affected (0.04 sec)Records: 5  Duplicates: 0  Warnings: 0mysql> SELECT * FROM orders;+----+-----------------------+-------+| id | title                 | price |+----+-----------------------+-------+|  1 | War and Peace         |   100 ||  2 | My little pony        |   500 ||  3 | Adventure mysql times |   300 ||  4 | Server gravity falls  |   300 ||  5 | Log gossips           |   123 |+----+-----------------------+-------+5 rows in set (0.00 sec)mysql> SHOW PROFILES;+----------+------------+------------------------------------+| Query_ID | Duration   | Query                              |+----------+------------+------------------------------------+|        1 | 0.00021875 | SELECT DATABASE()                  ||        2 | 0.00008400 | SHOW TABLE STATUS LIKE 'orders'    ||        3 | 0.00049625 | SELECT DATABASE()                  ||        4 | 0.00215800 | show databases                     ||        5 | 0.00018700 | SELECT DATABASE()                  ||        6 | 0.00073575 | show databases                     ||        7 | 0.00147625 | show tables                        ||        8 | 0.00741425 | SHOW TABLE STATUS LIKE 'orders'    ||        9 | 0.04294000 | ALTER TABLE orders ENGINE = MyISAM ||       10 | 0.00044550 | SELECT * FROM orders               |+----------+------------+------------------------------------+10 rows in set, 1 warning (0.00 sec)```**INNODB, время 0.00038075**```mysql> ALTER TABLE orders ENGINE = InnoDB;Query OK, 5 rows affected (0.04 sec)Records: 5  Duplicates: 0  Warnings: 0mysql> SELECT * FROM orders;+----+-----------------------+-------+| id | title                 | price |+----+-----------------------+-------+|  1 | War and Peace         |   100 ||  2 | My little pony        |   500 ||  3 | Adventure mysql times |   300 ||  4 | Server gravity falls  |   300 ||  5 | Log gossips           |   123 |+----+-----------------------+-------+5 rows in set (0.00 sec)mysql> SHOW PROFILES;+----------+------------+------------------------------------+| Query_ID | Duration   | Query                              |+----------+------------+------------------------------------+|        1 | 0.00021875 | SELECT DATABASE()                  ||        2 | 0.00008400 | SHOW TABLE STATUS LIKE 'orders'    ||        3 | 0.00049625 | SELECT DATABASE()                  ||        4 | 0.00215800 | show databases                     ||        5 | 0.00018700 | SELECT DATABASE()                  ||        6 | 0.00073575 | show databases                     ||        7 | 0.00147625 | show tables                        ||        8 | 0.00741425 | SHOW TABLE STATUS LIKE 'orders'    ||        9 | 0.04294000 | ALTER TABLE orders ENGINE = MyISAM ||       10 | 0.00044550 | SELECT * FROM orders               ||       11 | 0.04271675 | ALTER TABLE orders ENGINE = InnoDB ||       12 | 0.00038075 | SELECT * FROM orders               |+----------+------------+------------------------------------+12 rows in set, 1 warning (0.00 sec)```## Задача 4 Изучите файл `my.cnf` в директории /etc/mysql.Измените его согласно ТЗ (движок InnoDB):- скорость IO важнее сохранности данных;- нужна компрессия таблиц для экономии места на диске;- размер буффера с незакомиченными транзакциями 1 Мб;- буффер кеширования 30% от ОЗУ;- размер файла логов операций 100 Мб.Приведите в ответе изменённый файл `my.cnf`.```root@t450s:/home/user1/devops-netology/virt-homeworks/06-db-03-mysql# docker exec -it mysql-container cat /etc/mysql/my.cnf[mysqld]innodb_flush_log_at_trx_commit = 2innodb_file_per_table = 1innodb_buffer_pool_size = 8Ginnodb_log_file_size = 100Minnodb_log_buffer_size = 1Minnodb_compression_algorithm = zlib[client]default-character-set = utf8```innodb_flush_log_at_trx_commit = 2 устанавливает скорость IO важнее сохранности данных.innodb_file_per_table = 1 включает сохранение каждой таблицы в отдельном файле для возможности компрессии таблицы.innodb_buffer_pool_size = 8G устанавливает размер буфера кеширования в 30% от ОЗУ.innodb_log_file_size = 100M устанавливает размер файла логов операций в 100 Мб.innodb_log_buffer_size = 1M устанавливает размер буфера с незакомиченными транзакциями в 1 Мб.innodb_compression_algorithm = zlib включает компрессию таблиц для экономии места на диске.---